{"stats":{"minecraft:custom":{"minecraft:jump":36,"minecraft:time_since_rest":4528,"minecraft:damage_taken":460,"minecraft:leave_game":1,"minecraft:crouch_one_cm":80,"minecraft:time_since_death":4839,"minecraft:play_time":7172,"minecraft:sprint_one_cm":2288,"minecraft:walk_one_cm":3967,"minecraft:walk_on_water_one_cm":2433,"minecraft:deaths":2,"minecraft:sneak_time":13,"minecraft:total_world_time":7172,"minecraft:walk_under_water_one_cm":7225,"minecraft:swim_one_cm":3509,"minecraft:fall_one_cm":5830,"minecraft:fly_one_cm":4452},"minecraft:used":{"alexsmobs:animal_dictionary":1}},"DataVersion":3465}