{"stats":{"minecraft:killed_by":{"undead_revamp2:the_moonflower":2},"minecraft:custom":{"minecraft:jump":128,"minecraft:time_since_rest":99,"minecraft:damage_dealt":66,"minecraft:damage_taken":960,"minecraft:leave_game":2,"minecraft:crouch_one_cm":623,"minecraft:time_since_death":0,"minecraft:play_time":16607,"minecraft:sprint_one_cm":8911,"minecraft:walk_one_cm":17110,"minecraft:walk_on_water_one_cm":7838,"minecraft:deaths":4,"minecraft:sneak_time":226,"minecraft:total_world_time":16607,"minecraft:walk_under_water_one_cm":8019,"minecraft:swim_one_cm":3509,"minecraft:fall_one_cm":7922,"minecraft:fly_one_cm":27397},"minecraft:used":{"alexsmobs:animal_dictionary":2},"minecraft:mined":{"minecraft:seagrass":1,"minecraft:tall_seagrass":2}},"DataVersion":3465}