{"stats":{"minecraft:dropped":{"tombstone:grave_dust":1},"minecraft:mined":{"minecraft:oak_leaves":3},"minecraft:killed_by":{"minecraft:drowned":1},"minecraft:used":{"alexsmobs:animal_dictionary":1,"tombstone:gift":1},"minecraft:custom":{"minecraft:jump":28,"minecraft:time_since_rest":1488,"minecraft:leave_game":1,"minecraft:damage_dealt":10,"minecraft:deaths":1,"minecraft:walk_on_water_one_cm":2244,"minecraft:sprint_one_cm":1794,"minecraft:play_time":2843,"minecraft:damage_taken":360,"minecraft:time_since_death":1961,"minecraft:walk_one_cm":7428,"minecraft:total_world_time":2843,"minecraft:walk_under_water_one_cm":1470,"minecraft:swim_one_cm":1170,"minecraft:drop":1,"minecraft:fall_one_cm":209,"minecraft:fly_one_cm":4175}},"DataVersion":3465}