{"stats":{"minecraft:dropped":{"tombstone:grave_dust":1},"minecraft:killed_by":{"minecraft:drowned":1},"minecraft:custom":{"minecraft:jump":34,"minecraft:time_since_rest":11155,"minecraft:damage_dealt":10,"minecraft:damage_taken":360,"minecraft:leave_game":1,"minecraft:time_since_death":11628,"minecraft:play_time":12510,"minecraft:sprint_one_cm":1794,"minecraft:walk_one_cm":9717,"minecraft:walk_on_water_one_cm":2664,"minecraft:deaths":1,"minecraft:total_world_time":12510,"minecraft:walk_under_water_one_cm":1634,"minecraft:swim_one_cm":3213,"minecraft:fall_one_cm":209,"minecraft:drop":1,"minecraft:fly_one_cm":4175},"minecraft:used":{"tombstone:gift":1,"alexsmobs:animal_dictionary":1},"minecraft:mined":{"minecraft:oak_leaves":3}},"DataVersion":3465}