{"stats":{"minecraft:dropped":{"tombstone:grave_dust":1},"minecraft:killed_by":{"minecraft:drowned":1},"minecraft:custom":{"minecraft:jump":60,"minecraft:time_since_rest":223,"minecraft:damage_dealt":130,"minecraft:damage_taken":610,"minecraft:leave_game":2,"minecraft:time_since_death":599,"minecraft:play_time":21001,"minecraft:sprint_one_cm":5281,"minecraft:walk_one_cm":30315,"minecraft:walk_on_water_one_cm":8264,"minecraft:deaths":2,"minecraft:sneak_time":34,"minecraft:total_world_time":21001,"minecraft:walk_under_water_one_cm":4951,"minecraft:swim_one_cm":3992,"minecraft:fall_one_cm":209,"minecraft:drop":1,"minecraft:fly_one_cm":8341,"minecraft:crouch_one_cm":44},"minecraft:used":{"tombstone:gift":1,"alexsmobs:animal_dictionary":1},"minecraft:mined":{"minecraft:oak_leaves":3}},"DataVersion":3465}